City_ID,City,Lat,Lng,Max Temp,Humidity,Cloudiness,Wind Speed,Country,Description,Date
0,Georgetown,5.41,100.34,91.4,62,20,5.82,MY,few clouds,2020-08-24 06:19:08
1,Barrow,71.29,-156.79,39.2,93,90,8.05,US,mist,2020-08-24 06:19:08
2,Hermanus,-34.42,19.23,54.0,95,100,8.37,ZA,overcast clouds,2020-08-24 06:19:08
3,Pisco,-13.7,-76.22,61.0,87,90,12.75,PE,overcast clouds,2020-08-24 06:19:08
4,Kavaratti,10.57,72.64,86.0,70,20,9.17,IN,few clouds,2020-08-24 06:19:09
5,Dodge City,37.75,-100.02,73.4,56,1,11.41,US,clear sky,2020-08-24 06:18:16
6,Geraldton,-28.77,114.6,69.8,49,40,4.7,AU,scattered clouds,2020-08-24 06:16:26
7,Rikitea,-23.12,-134.97,71.58,83,9,18.92,PF,light rain,2020-08-24 06:19:10
8,Avarua,-21.21,-159.78,71.6,78,9,3.36,CK,clear sky,2020-08-24 06:16:07
9,Saint-Philippe,-21.36,55.77,77.0,57,37,6.93,RE,scattered clouds,2020-08-24 06:19:10
10,Sola,-13.88,167.55,81.45,82,37,9.24,VU,light rain,2020-08-24 06:19:11
11,Punta Arenas,-53.15,-70.92,33.8,69,16,18.34,CL,few clouds,2020-08-24 06:19:11
12,Sao Filipe,14.9,-24.5,78.78,86,80,12.46,CV,broken clouds,2020-08-24 06:19:11
13,Busselton,-33.65,115.33,64.99,43,10,4.97,AU,clear sky,2020-08-24 06:15:47
14,Hithadhoo,-0.6,73.08,83.14,76,98,10.54,MV,moderate rain,2020-08-24 06:19:12
15,Pevek,69.7,170.31,38.23,95,100,3.87,RU,light rain,2020-08-24 06:16:47
16,Victoria,22.29,114.16,95.0,59,0,8.01,HK,clear sky,2020-08-24 06:16:51
17,Kruisfontein,-34.0,24.73,55.99,94,100,1.01,ZA,light rain,2020-08-24 06:19:13
18,Aklavik,68.22,-135.01,64.4,68,40,4.7,CA,scattered clouds,2020-08-24 06:17:15
19,Bluff,-46.6,168.33,52.0,89,66,5.99,NZ,light rain,2020-08-24 06:19:13
20,Khatanga,71.97,102.5,70.07,40,97,15.32,RU,overcast clouds,2020-08-24 06:15:56
21,Kavieng,-2.57,150.8,78.1,83,100,7.63,PG,light rain,2020-08-24 06:19:14
22,Ushuaia,-54.8,-68.3,30.2,86,40,8.05,AR,scattered clouds,2020-08-24 06:15:46
23,Hobart,-42.88,147.33,50.0,61,40,10.29,AU,light intensity shower rain,2020-08-24 06:19:15
24,Chanute,37.68,-95.46,73.4,73,1,4.7,US,clear sky,2020-08-24 06:19:15
25,Carutapera,-1.2,-46.02,77.02,88,24,7.02,BR,few clouds,2020-08-24 06:19:15
26,Les Cayes,18.2,-73.75,80.55,85,100,13.27,HT,moderate rain,2020-08-24 06:19:16
27,Quijingue,-10.75,-39.21,65.73,96,67,3.49,BR,broken clouds,2020-08-24 06:19:16
28,New Norfolk,-42.78,147.06,50.0,77,84,3.0,AU,light rain,2020-08-24 06:19:17
29,Kapaa,22.08,-159.32,80.6,74,1,12.75,US,clear sky,2020-08-24 06:19:17
30,Mataura,-46.19,168.86,52.0,89,61,5.99,NZ,broken clouds,2020-08-24 06:19:19
31,Imbituba,-28.24,-48.67,57.2,100,75,1.12,BR,broken clouds,2020-08-24 06:19:19
32,Vestnes,62.63,7.09,48.2,76,75,23.04,NO,shower rain,2020-08-24 06:19:19
33,Constantine,36.37,6.61,64.4,93,20,4.7,DZ,few clouds,2020-08-24 06:19:19
34,Chokurdakh,70.63,147.92,38.46,75,100,10.49,RU,overcast clouds,2020-08-24 06:19:20
35,Lampazos De Naranjo,27.02,-100.52,82.99,50,45,10.92,MX,scattered clouds,2020-08-24 06:19:20
36,Cidreira,-30.18,-50.21,60.15,82,0,14.99,BR,clear sky,2020-08-24 06:15:53
37,Atuona,-9.8,-139.03,77.99,79,3,20.02,PF,clear sky,2020-08-24 06:15:46
38,Saskylakh,71.92,114.08,58.35,47,0,13.15,RU,clear sky,2020-08-24 06:19:21
39,Cabo San Lucas,22.89,-109.91,84.0,67,9,4.7,MX,clear sky,2020-08-24 06:19:22
40,Seoul,37.57,126.98,91.4,55,40,11.41,KR,haze,2020-08-24 06:17:11
41,Asfi,32.3,-9.24,68.77,83,23,13.87,MA,few clouds,2020-08-24 06:16:40
42,Wahiawa,21.5,-158.02,82.4,65,1,5.82,US,clear sky,2020-08-24 06:16:09
43,Port Blair,11.67,92.75,86.13,70,50,12.1,IN,scattered clouds,2020-08-24 06:16:32
44,Port Alfred,-33.59,26.89,60.21,78,90,9.1,ZA,light rain,2020-08-24 06:19:23
45,Adrar,20.5,-10.07,89.13,35,0,12.01,MR,clear sky,2020-08-24 06:19:24
46,Yellowknife,62.46,-114.35,53.01,87,75,2.57,CA,broken clouds,2020-08-24 06:19:24
47,Banjar,-8.19,114.97,86.0,70,20,14.99,ID,few clouds,2020-08-24 06:19:25
48,Nuuk,64.18,-51.72,37.4,100,90,4.7,GL,fog,2020-08-24 06:19:25
49,Luanda,-8.84,13.23,69.8,88,90,3.36,AO,overcast clouds,2020-08-24 06:18:17
50,Praia Da Vitoria,38.73,-27.07,73.4,83,20,9.15,PT,few clouds,2020-08-24 06:19:26
51,Baruun-Urt,46.68,113.28,77.47,39,7,11.97,MN,clear sky,2020-08-24 06:19:26
52,Cape Town,-33.93,18.42,57.99,93,40,14.99,ZA,scattered clouds,2020-08-24 06:15:46
53,East London,-33.02,27.91,60.8,72,20,8.05,ZA,few clouds,2020-08-24 06:15:55
54,Longyearbyen,78.22,15.64,39.2,75,20,6.93,SJ,few clouds,2020-08-24 06:19:27
55,Korla,41.76,86.15,94.28,16,13,14.38,CN,few clouds,2020-08-24 06:19:27
56,Nouadhibou,20.93,-17.03,75.2,73,40,8.05,MR,scattered clouds,2020-08-24 06:19:28
57,Sakakah,29.97,40.21,84.2,17,0,6.93,SA,clear sky,2020-08-24 06:19:28
58,Namatanai,-3.67,152.43,76.64,87,100,7.83,PG,light rain,2020-08-24 06:19:29
59,Bestobe,52.5,73.1,67.06,53,3,8.57,KZ,clear sky,2020-08-24 06:19:29
60,Comodoro Rivadavia,-45.87,-67.5,42.8,70,95,4.7,AR,overcast clouds,2020-08-24 06:19:29
61,Coihaique,-45.58,-72.07,33.8,95,82,5.82,CL,broken clouds,2020-08-24 06:19:30
62,Mar Del Plata,-38.0,-57.56,50.0,87,23,9.17,AR,few clouds,2020-08-24 06:17:40
63,Thompson,55.74,-97.86,51.8,100,90,10.29,CA,light rain,2020-08-24 06:15:55
64,Tiksi,71.69,128.87,40.87,71,63,13.87,RU,broken clouds,2020-08-24 06:19:31
65,Hilo,19.73,-155.09,80.6,74,90,3.36,US,overcast clouds,2020-08-24 06:18:07
66,Severo-Kurilsk,50.68,156.12,53.55,88,61,5.23,RU,broken clouds,2020-08-24 06:16:18
67,Rorvik,64.86,11.24,50.0,76,75,3.36,NO,shower rain,2020-08-24 06:19:32
68,Upernavik,72.79,-56.15,43.38,84,100,2.44,GL,overcast clouds,2020-08-24 06:19:32
69,Salalah,17.02,54.09,75.2,100,90,5.82,OM,mist,2020-08-24 06:19:33
70,Clyde River,70.47,-68.59,41.14,93,100,6.22,CA,light rain,2020-08-24 06:19:33
71,Padang,-0.95,100.35,86.47,68,39,4.54,ID,light rain,2020-08-24 06:17:56
72,Vaini,-21.2,-175.2,75.83,85,0,12.95,TO,clear sky,2020-08-24 06:15:45
73,Albany,42.6,-73.97,66.99,92,69,1.66,US,broken clouds,2020-08-24 06:16:34
74,Jamestown,42.1,-79.24,66.2,88,1,5.82,US,clear sky,2020-08-24 06:16:35
75,Olinda,-8.01,-34.86,71.6,83,40,7.2,BR,scattered clouds,2020-08-24 06:18:49
76,Imeni Poliny Osipenko,52.42,136.49,68.97,63,96,3.96,RU,overcast clouds,2020-08-24 06:19:37
77,Pemangkat,1.17,108.97,83.05,75,91,8.63,ID,moderate rain,2020-08-24 06:19:38
78,Arraial Do Cabo,-22.97,-42.03,67.01,61,24,10.16,BR,few clouds,2020-08-24 06:19:38
79,Camacha,33.08,-16.33,73.4,78,40,10.29,PT,scattered clouds,2020-08-24 06:19:39
80,Butaritari,3.07,172.79,82.8,75,99,10.85,KI,overcast clouds,2020-08-24 06:19:39
81,Belmonte,-15.86,-38.88,64.4,93,75,9.17,BR,broken clouds,2020-08-24 06:19:39
82,Nizip,37.01,37.79,78.8,26,0,6.93,TR,clear sky,2020-08-24 06:19:39
83,Collie,-33.37,116.15,64.99,43,7,4.38,AU,clear sky,2020-08-24 06:19:40
84,Kagoro,9.6,8.38,66.0,96,99,2.04,NG,overcast clouds,2020-08-24 06:19:40
85,Atbasar,51.8,68.33,64.31,55,63,6.4,KZ,broken clouds,2020-08-24 06:19:41
86,Sungurlu,40.17,34.37,69.01,46,0,3.98,TR,clear sky,2020-08-24 06:19:41
87,Scarborough,54.28,-0.4,55.99,93,61,6.93,GB,broken clouds,2020-08-24 06:19:41
88,Provideniya,64.38,-173.3,53.6,76,90,6.71,RU,overcast clouds,2020-08-24 06:19:42
89,Tyukhtet,56.54,89.3,61.56,80,99,3.04,RU,light rain,2020-08-24 06:19:42
90,Krasnoarmeysk,51.02,45.7,67.24,50,0,4.61,RU,clear sky,2020-08-24 06:19:42
91,Esperance,-33.87,121.9,59.0,87,90,12.75,AU,overcast clouds,2020-08-24 06:19:42
92,Castro,-24.79,-50.01,49.21,86,75,13.33,BR,broken clouds,2020-08-24 06:15:41
93,Uaua,-9.84,-39.48,67.89,83,35,12.5,BR,scattered clouds,2020-08-24 06:19:43
94,Tezu,27.92,96.17,93.33,52,58,2.3,IN,light rain,2020-08-24 06:19:43
95,San Pedro,14.35,121.02,91.0,66,100,16.11,PH,overcast clouds,2020-08-24 06:19:44
96,El Alto,-4.27,-81.21,60.71,80,0,14.12,PE,clear sky,2020-08-24 06:19:44
97,Nanortalik,60.14,-45.24,41.63,89,21,7.31,GL,few clouds,2020-08-24 06:19:45
98,Ancud,-41.87,-73.82,39.0,100,90,12.75,CL,overcast clouds,2020-08-24 06:19:45
99,Bambous Virieux,-20.34,57.76,75.99,69,75,17.22,MU,shower rain,2020-08-24 06:19:46
100,Cayenne,4.93,-52.33,73.4,100,11,8.72,GF,light rain,2020-08-24 06:19:46
101,Acapulco,16.86,-99.89,78.89,83,73,7.54,MX,light rain,2020-08-24 06:19:46
102,Saldanha,-33.01,17.94,56.8,82,94,10.76,ZA,overcast clouds,2020-08-24 06:16:42
103,Krasnyy Chikoy,50.36,108.75,57.88,81,98,2.93,RU,light rain,2020-08-24 06:19:47
104,Rawson,-43.3,-65.1,51.6,50,100,7.16,AR,overcast clouds,2020-08-24 06:19:47
105,Ueckermunde,53.74,14.04,63.0,97,25,1.01,DE,scattered clouds,2020-08-24 06:19:47
106,Chuy,-33.7,-53.46,53.82,93,0,10.6,UY,clear sky,2020-08-24 06:19:48
107,Clearfield,41.13,-78.75,69.8,83,40,3.44,US,scattered clouds,2020-08-24 06:19:48
108,Bredasdorp,-34.53,20.04,55.4,93,100,3.36,ZA,overcast clouds,2020-08-24 06:19:48
109,Bethel,41.37,-73.41,71.01,100,20,0.54,US,few clouds,2020-08-24 06:19:49
110,Hollola,61.05,25.43,61.0,97,62,6.29,FI,broken clouds,2020-08-24 06:19:53
111,Iqaluit,63.75,-68.51,39.2,93,90,3.36,CA,overcast clouds,2020-08-24 06:19:53
112,Azle,32.9,-97.55,84.2,45,1,5.82,US,clear sky,2020-08-24 06:19:54
113,Cherskiy,68.75,161.3,39.22,93,100,6.51,RU,light rain,2020-08-24 06:16:20
114,Hamilton,39.18,-84.53,72.0,94,1,4.25,US,mist,2020-08-24 06:18:40
115,Kiunga,-6.12,141.29,83.34,73,74,1.39,PG,light rain,2020-08-24 06:19:55
116,Torquay,50.46,-3.51,62.01,96,87,11.14,GB,light rain,2020-08-24 06:19:55
117,Shenjiamen,29.96,122.3,84.6,74,0,14.32,CN,clear sky,2020-08-24 06:19:56
118,Manohar Thana,24.24,76.8,78.51,87,98,11.39,IN,overcast clouds,2020-08-24 06:19:56
119,Lebu,-37.62,-73.65,50.22,91,100,17.45,CL,light rain,2020-08-24 06:15:57
120,Bac Lieu,9.29,105.72,88.09,64,58,8.59,VN,light rain,2020-08-24 06:19:57
121,Felanitx,39.47,3.15,73.4,83,20,2.24,ES,few clouds,2020-08-24 06:19:57
122,Beloha,-25.17,45.05,74.75,52,0,8.03,MG,clear sky,2020-08-24 06:19:57
123,Hasaki,35.73,140.83,91.99,66,20,12.75,JP,few clouds,2020-08-24 06:19:58
124,Kaoma,-14.78,24.8,61.75,54,24,7.56,ZM,few clouds,2020-08-24 06:19:58
125,Khartoum,15.55,32.53,82.4,69,20,11.41,SD,few clouds,2020-08-24 06:17:15
126,Broken Hill,-31.95,141.43,55.4,47,90,8.05,AU,overcast clouds,2020-08-24 06:16:48
127,Sorland,67.67,12.69,50.0,81,75,11.41,NO,shower rain,2020-08-24 06:18:23
128,Port Elizabeth,-33.92,25.57,59.0,93,75,9.17,ZA,light intensity drizzle,2020-08-24 06:19:59
129,Flin Flon,54.77,-101.86,50.99,86,72,9.89,CA,broken clouds,2020-08-24 06:15:55
130,Laiyang,36.98,120.71,86.45,77,77,14.56,CN,light rain,2020-08-24 06:20:00
131,Nunoa,-14.48,-70.64,39.65,68,0,4.5,PE,clear sky,2020-08-24 06:20:00
132,Mayumba,-3.43,10.66,73.76,84,100,5.17,GA,overcast clouds,2020-08-24 06:20:00
133,Biltine,14.53,20.92,75.07,72,98,16.24,TD,moderate rain,2020-08-24 06:20:01
134,Pedernales,18.04,-71.74,81.19,71,98,6.22,DO,overcast clouds,2020-08-24 06:20:01
135,Codrington,-38.27,141.97,50.22,64,23,10.94,AU,few clouds,2020-08-24 06:20:01
136,Mount Gambier,-37.83,140.77,51.8,62,75,12.75,AU,broken clouds,2020-08-24 06:17:44
137,Katangli,51.71,143.23,57.85,84,92,16.02,RU,overcast clouds,2020-08-24 06:20:02
138,Tornio,65.85,24.15,57.2,76,94,9.17,FI,overcast clouds,2020-08-24 06:20:02
139,Sardulgarh,29.7,75.25,93.81,51,7,12.35,IN,clear sky,2020-08-24 06:20:03
140,Olga,43.74,135.29,72.64,74,97,8.88,RU,overcast clouds,2020-08-24 06:17:55
141,Siguiri,11.67,-9.5,69.89,97,43,3.98,GN,scattered clouds,2020-08-24 06:20:03
142,Mopipi,-21.18,24.88,60.89,40,0,9.42,BW,clear sky,2020-08-24 06:20:04
143,Cavalcante,-13.8,-47.46,66.49,69,16,4.97,BR,few clouds,2020-08-24 06:16:24
144,Naryan-Mar,67.67,53.09,56.01,94,100,10.51,RU,light rain,2020-08-24 06:20:04
145,Halifax,44.65,-63.57,64.99,73,75,6.38,CA,broken clouds,2020-08-24 06:16:02
146,Puerto Ayora,-0.74,-90.35,66.0,89,17,4.0,EC,few clouds,2020-08-24 06:20:05
147,Chochola,20.75,-89.83,77.0,95,100,2.3,MX,light rain,2020-08-24 06:20:06
148,Archidona,37.1,-4.39,75.99,89,31,4.85,ES,scattered clouds,2020-08-24 06:20:06
149,Vanavara,60.34,102.28,68.92,36,41,7.45,RU,scattered clouds,2020-08-24 06:20:07
150,Souillac,-20.52,57.52,73.4,69,75,17.22,MU,shower rain,2020-08-24 06:16:45
151,Makokou,0.57,12.86,69.71,96,100,2.42,GA,overcast clouds,2020-08-24 06:20:08
152,Ko Samui,9.54,99.94,89.6,70,20,8.05,TH,few clouds,2020-08-24 06:20:08
153,Batagay-Alyta,67.8,130.41,40.77,69,98,11.48,RU,overcast clouds,2020-08-24 06:20:22
154,Norman Wells,65.28,-126.83,62.6,55,20,8.05,CA,few clouds,2020-08-24 06:20:23
155,Manjacaze,-24.71,33.88,66.52,66,0,10.65,MZ,clear sky,2020-08-24 06:20:23
156,Floresti,47.89,28.3,71.78,61,14,8.34,MD,light rain,2020-08-24 06:20:23
157,Okha,53.57,142.95,61.18,73,69,12.24,RU,broken clouds,2020-08-24 06:20:24
158,Vredendal,-31.67,18.5,51.42,92,37,1.03,ZA,scattered clouds,2020-08-24 06:20:24
159,Lorengau,-2.02,147.27,76.55,90,100,12.03,PG,light rain,2020-08-24 06:16:12
160,Kloulklubed,7.04,134.26,87.8,66,75,9.17,PW,broken clouds,2020-08-24 06:20:25
161,Olds,51.78,-114.1,55.99,77,99,1.01,CA,overcast clouds,2020-08-24 06:15:55
162,Kiama,-34.68,150.87,62.01,42,0,1.01,AU,clear sky,2020-08-24 06:20:26
163,Lazaro Cardenas,17.96,-102.2,78.69,88,70,3.58,MX,light rain,2020-08-24 06:20:26
164,Dublin,37.7,-121.94,75.2,57,75,6.93,US,haze,2020-08-24 06:17:12
165,Leningradskiy,69.38,178.42,43.84,89,100,9.51,RU,overcast clouds,2020-08-24 06:20:27
166,Gravenhurst,44.92,-79.37,68.0,88,90,2.24,CA,overcast clouds,2020-08-24 06:20:28
167,Talara,-4.58,-81.27,61.68,82,0,15.19,PE,clear sky,2020-08-24 06:20:28
168,Hauge,58.34,6.28,54.0,72,82,14.63,NO,broken clouds,2020-08-24 06:20:29
169,Sitka,57.05,-135.33,57.2,87,75,5.82,US,broken clouds,2020-08-24 06:20:30
170,Nikolskoye,59.7,30.79,62.6,82,75,6.71,RU,broken clouds,2020-08-24 06:16:17
171,Tasiilaq,65.61,-37.64,33.8,86,3,6.93,GL,clear sky,2020-08-24 06:20:30
172,Shelburne,44.08,-80.2,68.0,88,1,7.2,CA,clear sky,2020-08-24 06:20:30
173,Jos,9.92,8.9,62.85,96,95,7.9,NG,overcast clouds,2020-08-24 06:20:31
174,Tuktoyaktuk,69.45,-133.04,60.8,82,75,4.7,CA,broken clouds,2020-08-24 06:20:31
175,Milledgeville,33.08,-83.23,75.2,94,40,3.36,US,scattered clouds,2020-08-24 06:20:31
176,Ribeira Grande,38.52,-28.7,73.4,88,75,10.29,PT,broken clouds,2020-08-24 06:20:32
177,Nata,8.33,-80.52,72.0,88,99,3.53,PA,overcast clouds,2020-08-24 06:20:33
178,Ulaangom,49.98,92.07,69.91,36,100,8.93,MN,overcast clouds,2020-08-24 06:20:33
179,Cassilandia,-19.11,-51.73,62.87,56,0,4.54,BR,clear sky,2020-08-24 06:20:33
180,Nara,34.69,135.8,100.99,47,20,9.17,JP,few clouds,2020-08-24 06:20:34
181,Zaysan,47.47,84.87,81.19,21,87,9.01,KZ,overcast clouds,2020-08-24 06:20:35
182,Tuatapere,-46.13,167.68,52.0,90,13,5.99,NZ,few clouds,2020-08-24 06:20:35
183,Lasa,46.62,10.7,55.99,100,75,4.7,IT,broken clouds,2020-08-24 06:20:35
184,Egvekinot,66.32,-179.17,50.34,80,63,4.65,RU,broken clouds,2020-08-24 06:20:36
185,Dunedin,-45.87,170.5,50.0,90,93,1.01,NZ,overcast clouds,2020-08-24 06:18:16
186,Hauterive,46.09,3.45,57.2,82,78,2.24,FR,broken clouds,2020-08-24 06:20:38
187,Saint-Joseph,-21.37,55.62,77.0,57,23,6.93,RE,few clouds,2020-08-24 06:20:46
188,Yumen,40.28,97.2,89.91,11,41,18.86,CN,scattered clouds,2020-08-24 06:20:47
189,Chumikan,54.72,135.31,59.32,61,98,16.78,RU,overcast clouds,2020-08-24 06:20:47
190,Talnakh,69.49,88.4,59.0,82,75,20.13,RU,light rain,2020-08-24 06:20:47
191,Ranot,7.78,100.32,87.46,60,15,8.7,TH,few clouds,2020-08-24 06:20:47
192,Faanui,-16.48,-151.75,77.22,81,10,22.26,PF,light rain,2020-08-24 06:20:48
193,Dikson,73.51,80.55,46.36,81,0,14.14,RU,clear sky,2020-08-24 06:16:08
194,Saint Anthony,45.02,-93.22,75.2,94,1,5.82,US,clear sky,2020-08-24 06:20:49
195,Guerrero Negro,27.98,-114.06,74.23,75,0,17.25,MX,clear sky,2020-08-24 06:20:49
196,Srandakan,-7.94,110.25,83.17,64,73,14.83,ID,broken clouds,2020-08-24 06:20:53
197,Vangaindrano,-23.35,47.6,70.18,73,12,7.09,MG,few clouds,2020-08-24 06:20:53
198,Huarmey,-10.07,-78.15,59.59,85,21,8.1,PE,few clouds,2020-08-24 06:20:53
199,Severo-Yeniseyskiy,60.37,93.04,65.77,49,63,4.0,RU,broken clouds,2020-08-24 06:16:40
200,Deputatskiy,69.3,139.9,36.28,82,98,6.89,RU,overcast clouds,2020-08-24 06:17:29
201,Chabahar,25.29,60.64,87.8,70,40,9.17,IR,scattered clouds,2020-08-24 06:20:55
202,Valkeala,60.94,26.8,62.01,87,40,6.93,FI,scattered clouds,2020-08-24 06:20:55
203,Callaguip,18.07,120.49,89.6,70,40,13.87,PH,scattered clouds,2020-08-24 06:20:55
204,Ponta Do Sol,32.67,-17.1,73.4,73,20,20.8,PT,few clouds,2020-08-24 06:20:56
205,Narsaq,60.92,-46.05,44.6,75,4,3.36,GL,clear sky,2020-08-24 06:20:56
206,Bonavista,48.65,-53.11,59.0,84,74,5.01,CA,broken clouds,2020-08-24 06:20:56
207,Zhigansk,66.77,123.37,53.42,47,0,7.29,RU,clear sky,2020-08-24 06:21:21
208,Hirara,24.8,125.28,84.2,89,75,19.46,JP,broken clouds,2020-08-24 06:21:22
209,Prestea,5.43,-2.14,71.42,92,84,1.66,GH,broken clouds,2020-08-24 06:21:22
210,Mount Isa,-20.73,139.5,80.6,13,0,12.75,AU,clear sky,2020-08-24 06:21:23
211,Rio Gallegos,-51.62,-69.22,30.2,80,5,12.75,AR,clear sky,2020-08-24 06:21:24
212,Shimoda,34.67,138.95,86.0,66,20,12.75,JP,few clouds,2020-08-24 06:21:24
213,Ambilobe,-13.2,49.05,84.31,37,47,5.53,MG,scattered clouds,2020-08-24 06:21:24
214,Cabra,37.47,-4.44,70.0,68,0,3.18,ES,clear sky,2020-08-24 06:21:25
215,Kodiak,57.79,-152.41,56.66,88,63,4.45,US,broken clouds,2020-08-24 06:21:25
216,Tazovskiy,67.47,78.7,51.03,96,100,8.99,RU,light rain,2020-08-24 06:21:25
217,Evensk,61.95,159.23,52.3,53,100,2.24,RU,overcast clouds,2020-08-24 06:21:26
218,Petropavlovsk-Kamchatskiy,53.05,158.65,69.8,43,2,4.47,RU,clear sky,2020-08-24 06:21:26
219,Champerico,14.3,-91.92,77.9,88,100,4.81,GT,heavy intensity rain,2020-08-24 06:21:26
220,Verkhniy Avzyan,53.53,57.54,62.87,60,1,5.59,RU,clear sky,2020-08-24 06:21:27
221,Dondo,-19.61,34.74,60.8,93,9,6.93,MZ,clear sky,2020-08-24 06:21:27
222,Phalodi,27.13,72.37,96.1,42,32,12.26,IN,scattered clouds,2020-08-24 06:21:27
223,Gorgan,36.84,54.43,69.8,88,90,11.41,IR,overcast clouds,2020-08-24 06:21:28
224,Okhotsk,59.38,143.3,56.16,59,88,10.76,RU,overcast clouds,2020-08-24 06:21:28
225,San Patricio,19.22,-104.7,79.41,85,94,2.08,MX,light rain,2020-08-24 06:17:37
226,La Gomera,14.08,-91.05,74.95,92,94,3.74,GT,light rain,2020-08-24 06:21:29
227,Maroantsetra,-15.43,49.73,71.02,81,93,2.66,MG,light rain,2020-08-24 06:21:32
228,Nisia Floresta,-6.09,-35.21,69.8,94,20,5.82,BR,few clouds,2020-08-24 06:21:33
229,Coquimbo,-29.95,-71.34,53.6,62,93,12.53,CL,overcast clouds,2020-08-24 06:21:34
230,Miracema Do Tocantins,-9.56,-48.4,73.18,57,11,1.32,BR,few clouds,2020-08-24 06:21:34
231,Portalegre,39.29,-7.43,64.0,77,1,5.82,PT,clear sky,2020-08-24 06:21:35
232,Orapa,-21.28,25.37,60.91,40,0,7.78,BW,clear sky,2020-08-24 06:21:35
233,Kutum,14.2,24.67,74.32,64,99,8.79,SD,overcast clouds,2020-08-24 06:21:35
234,Laguna,38.42,-121.42,77.0,47,1,11.41,US,clear sky,2020-08-24 06:20:40
235,Marakkanam,12.2,79.95,85.03,70,100,4.68,IN,overcast clouds,2020-08-24 06:21:36
236,Bathsheba,13.22,-59.52,78.8,88,75,6.93,BB,shower rain,2020-08-24 06:21:36
237,Springfield,37.22,-93.3,75.0,78,1,3.36,US,clear sky,2020-08-24 06:21:28
238,Ostrovnoy,68.05,39.51,60.17,76,2,19.95,RU,clear sky,2020-08-24 06:21:37
239,Gwanda,-20.93,29.0,63.5,55,0,7.36,ZW,clear sky,2020-08-24 06:21:38
240,Husavik,66.04,-17.34,33.8,100,100,1.23,IS,overcast clouds,2020-08-24 06:21:38
241,Tenenkou,14.46,-4.92,78.31,72,33,9.06,ML,scattered clouds,2020-08-24 06:21:39
242,Mahebourg,-20.41,57.7,73.4,69,75,17.22,MU,shower rain,2020-08-24 06:21:39
243,Tarakan,3.3,117.63,84.18,67,2,6.51,ID,clear sky,2020-08-24 06:20:04
244,Henties Bay,-22.12,14.28,53.01,93,0,1.01,NA,clear sky,2020-08-24 06:21:40
245,Talcahuano,-36.72,-73.12,51.8,87,100,10.29,CL,light rain,2020-08-24 06:21:40
246,Bucerias,20.75,-105.33,82.99,83,75,8.05,MX,broken clouds,2020-08-24 06:17:59
247,Nguruka,-5.11,31.04,73.83,43,76,10.22,TZ,broken clouds,2020-08-24 06:21:41
248,Saint George,37.1,-113.58,77.0,64,1,12.75,US,moderate rain,2020-08-24 06:18:48
249,Grindavik,63.84,-22.43,46.4,100,4,5.82,IS,fog,2020-08-24 06:21:42
250,Boa Viagem,-5.13,-39.73,67.17,93,34,3.65,BR,scattered clouds,2020-08-24 06:21:42
251,Carnarvon,-24.87,113.63,69.8,60,0,19.46,AU,clear sky,2020-08-24 06:21:44
252,Trairi,-3.28,-39.27,75.11,78,34,10.42,BR,scattered clouds,2020-08-24 06:21:44
253,Mahajanga,-15.72,46.32,80.6,42,79,8.05,MG,broken clouds,2020-08-24 06:21:45
254,Yuncheng,35.02,110.99,86.16,46,87,13.51,CN,overcast clouds,2020-08-24 06:21:45
255,Tukrah,32.53,20.58,81.34,64,0,9.22,LY,clear sky,2020-08-24 06:16:54
256,Prince Rupert,54.32,-130.32,53.6,100,90,4.7,CA,light rain,2020-08-24 06:18:17
257,Ixtapa,20.7,-105.2,82.99,79,98,1.68,MX,light rain,2020-08-24 06:21:46
258,Rio Grande,-32.03,-52.1,57.0,93,0,3.0,BR,clear sky,2020-08-24 06:20:48
259,Tilichiki,60.47,166.1,51.96,57,62,13.58,RU,broken clouds,2020-08-24 06:21:46
260,Isangel,-19.55,169.27,77.0,94,19,8.05,VU,light rain,2020-08-24 06:17:27
261,Wuwei,37.93,102.64,85.32,14,0,7.47,CN,clear sky,2020-08-24 06:21:47
262,Meulaboh,4.14,96.13,86.18,69,23,8.7,ID,few clouds,2020-08-24 06:21:48
263,Muscle Shoals,34.74,-87.67,73.99,88,1,3.06,US,clear sky,2020-08-24 06:20:37
264,Shaowu,27.34,117.48,91.38,61,8,1.83,CN,moderate rain,2020-08-24 06:21:49
265,Piranshahr,36.7,45.14,66.56,54,26,7.02,IR,scattered clouds,2020-08-24 06:21:49
266,Kollam,8.88,76.6,86.0,74,40,4.7,IN,scattered clouds,2020-08-24 06:21:50
267,Kilindoni,-7.91,39.67,77.22,71,77,7.09,TZ,light rain,2020-08-24 06:21:50
268,San Andres,12.58,-81.7,78.8,94,40,4.03,CO,scattered clouds,2020-08-24 06:21:50
269,Qaanaaq,77.48,-69.36,36.27,89,100,4.18,GL,overcast clouds,2020-08-24 06:21:50
270,Warmbad,-28.45,18.73,59.56,32,0,1.07,NA,clear sky,2020-08-24 06:21:51
271,Mormugao,15.4,73.8,82.17,81,88,12.68,IN,light rain,2020-08-24 06:21:51
272,Caruray,10.31,119.01,86.92,64,65,4.38,PH,light rain,2020-08-24 06:21:51
273,Klaksvik,62.23,-6.59,46.4,93,98,2.24,FO,light rain,2020-08-24 06:21:52
274,Vestmanna,62.16,-7.17,46.4,93,95,2.24,FO,light rain,2020-08-24 06:21:53
275,Inhambane,-23.86,35.38,66.2,88,0,6.93,MZ,clear sky,2020-08-24 06:21:53
276,Luderitz,-26.65,15.16,55.15,70,0,7.78,NA,clear sky,2020-08-24 06:21:54
277,Abu Dhabi,24.47,54.37,96.8,41,10,9.17,AE,clear sky,2020-08-24 06:19:18
278,Tessaoua,13.76,7.99,77.05,77,66,12.95,NE,moderate rain,2020-08-24 06:21:54
279,Sioux Lookout,50.1,-91.92,66.2,93,20,3.36,CA,few clouds,2020-08-24 06:21:55
280,Severodvinsk,64.56,39.83,64.4,82,75,6.71,RU,broken clouds,2020-08-24 06:21:55
281,Aitape,-3.14,142.35,77.45,87,99,9.71,PG,moderate rain,2020-08-24 06:21:55
282,Mehamn,71.04,27.85,55.4,82,75,13.87,NO,broken clouds,2020-08-24 06:21:56
283,Eenhana,-17.47,16.33,64.4,36,2,3.36,NA,clear sky,2020-08-24 06:21:56
284,Tiznit,29.58,-9.5,84.85,26,14,3.0,MA,few clouds,2020-08-24 06:21:57
285,Sinnamary,5.38,-52.95,77.49,90,14,8.05,GF,few clouds,2020-08-24 06:21:57
286,Gorom-Gorom,14.44,-0.24,80.29,67,100,14.65,BF,light rain,2020-08-24 06:21:58
287,Tomatlan,19.93,-105.25,77.63,93,100,1.79,MX,overcast clouds,2020-08-24 06:22:05
288,Rocha,-34.48,-54.33,50.94,93,0,11.27,UY,clear sky,2020-08-24 06:22:06
289,Taoudenni,22.68,-3.98,91.4,11,0,6.29,ML,clear sky,2020-08-24 06:22:06
290,Weihe,33.0,105.32,80.74,35,72,5.48,CN,broken clouds,2020-08-24 06:22:06
291,Berlevag,70.86,29.09,55.4,82,75,13.87,NO,broken clouds,2020-08-24 06:22:07
292,Icod De Los Vinos,28.37,-16.71,73.0,49,0,6.93,ES,clear sky,2020-08-24 06:22:07
293,Naushki,50.38,106.11,68.49,46,48,1.68,RU,scattered clouds,2020-08-24 06:22:07
294,Surt,31.21,16.59,81.34,75,83,9.62,LY,broken clouds,2020-08-24 06:22:08
295,Castlegar,49.3,-117.67,57.0,69,61,1.74,CA,broken clouds,2020-08-24 06:22:08
296,Gambela,8.25,34.58,72.25,90,100,1.86,ET,overcast clouds,2020-08-24 06:22:09
297,Guiratinga,-16.35,-53.76,67.89,59,0,4.88,BR,clear sky,2020-08-24 06:22:09
298,Gizo,-8.1,156.84,82.49,76,97,10.76,SB,light rain,2020-08-24 06:22:09
299,Pokhara,28.23,83.98,81.99,66,71,3.11,NP,broken clouds,2020-08-24 06:22:10
300,Vila Franca Do Campo,37.72,-25.43,71.6,88,75,4.7,PT,broken clouds,2020-08-24 06:22:10
301,Oktyabrskoye,43.06,44.74,60.8,72,20,2.24,RU,few clouds,2020-08-24 06:22:10
302,Lively,46.43,-81.15,66.2,100,90,4.7,CA,mist,2020-08-24 06:22:11
303,Bhag,29.04,67.82,99.25,35,34,3.87,PK,scattered clouds,2020-08-24 06:22:12
304,Pangnirtung,66.15,-65.71,43.79,82,100,2.33,CA,overcast clouds,2020-08-24 06:17:25
305,Avera,33.19,-82.53,73.4,89,1,4.7,US,clear sky,2020-08-24 06:19:26
306,Namwala,-15.75,26.44,59.7,58,3,5.99,ZM,clear sky,2020-08-24 06:22:14
307,Esna,25.29,32.55,84.2,30,0,2.24,EG,clear sky,2020-08-24 06:22:14
308,Atar,20.52,-13.05,85.05,55,14,10.04,MR,few clouds,2020-08-24 06:22:14
309,Mandeville,18.04,-77.51,77.0,88,75,3.36,JM,thunderstorm with light rain,2020-08-24 06:22:18
310,Los Llanos De Aridane,28.66,-17.92,79.0,78,20,11.41,ES,few clouds,2020-08-24 06:22:18
311,Kulhudhuffushi,6.62,73.07,84.31,68,67,9.01,MV,broken clouds,2020-08-24 06:22:18
312,Urucara,-2.54,-57.76,75.52,66,27,2.91,BR,scattered clouds,2020-08-24 06:22:18
313,Kalamaria,40.58,22.95,80.01,73,0,3.36,GR,clear sky,2020-08-24 06:21:11
314,Oksbol,55.63,8.29,57.2,93,84,2.24,DK,broken clouds,2020-08-24 06:22:19
315,Mustasaari,63.11,21.68,54.0,93,90,9.17,FI,light rain,2020-08-24 06:22:19
316,Garavuti,37.57,68.45,89.6,27,0,6.71,TJ,clear sky,2020-08-24 06:22:20
317,Auki,-8.77,160.7,83.32,74,78,2.19,SB,broken clouds,2020-08-24 06:22:20
318,Chalus,36.66,51.42,68.0,94,90,11.41,IR,overcast clouds,2020-08-24 06:22:21
319,Anchorage,61.22,-149.9,60.8,77,90,4.7,US,moderate rain,2020-08-24 06:17:25
320,Rosetta,31.4,30.42,78.8,83,40,4.14,EG,scattered clouds,2020-08-24 06:22:23
321,Otjimbingwe,-22.35,16.13,61.32,29,0,3.89,NA,clear sky,2020-08-24 06:22:27
322,Olafsvik,64.89,-23.71,48.99,73,24,2.57,IS,few clouds,2020-08-24 06:22:28
323,Torbay,47.67,-52.73,61.0,82,5,18.34,CA,clear sky,2020-08-24 06:22:28
324,Port Hardy,50.7,-127.42,50.0,100,5,3.36,CA,clear sky,2020-08-24 06:17:39
325,Lugoj,45.69,21.9,68.0,94,20,4.7,RO,few clouds,2020-08-24 06:22:28
326,General Pico,-35.66,-63.76,50.32,65,0,11.88,AR,clear sky,2020-08-24 06:22:29
327,Barabai,-2.58,115.38,95.92,38,5,0.96,ID,clear sky,2020-08-24 06:18:59
328,Biak,-0.91,122.88,82.33,70,43,7.29,ID,light rain,2020-08-24 06:17:41
329,Zlobin,45.29,14.65,77.0,47,74,16.11,HR,broken clouds,2020-08-24 06:22:30
330,Parker,32.77,-97.8,80.01,63,0,8.3,US,clear sky,2020-08-24 06:18:16
331,Gladstone,-23.85,151.25,69.8,32,0,12.75,AU,clear sky,2020-08-24 06:21:04
332,Visby,57.64,18.3,63.0,67,40,16.11,SE,scattered clouds,2020-08-24 06:22:31
333,Xichang,27.9,102.26,66.43,80,100,2.84,CN,light rain,2020-08-24 06:22:32
334,Ust-Kan,50.93,84.76,63.27,45,37,3.38,RU,scattered clouds,2020-08-24 06:21:06
335,Almaznyy,48.04,40.05,69.8,37,0,4.47,RU,clear sky,2020-08-24 06:22:44
336,Kaitangata,-46.28,169.85,51.01,84,70,3.0,NZ,broken clouds,2020-08-24 06:22:44
337,Alyangula,-13.85,136.42,86.0,35,4,12.75,AU,clear sky,2020-08-24 06:22:44
338,Ust-Nera,64.57,143.2,50.18,44,100,6.06,RU,overcast clouds,2020-08-24 06:22:45
339,Kidal,18.44,1.41,84.16,49,100,5.99,ML,overcast clouds,2020-08-24 06:22:45
340,Teguldet,57.31,88.17,68.97,54,71,4.88,RU,light rain,2020-08-24 06:22:46
341,Sayyan,15.17,44.32,70.88,46,63,3.13,YE,broken clouds,2020-08-24 06:22:46
342,Yaring,6.87,101.37,87.8,62,20,8.05,TH,few clouds,2020-08-24 06:22:46
343,Sao Joao Da Barra,-21.64,-41.05,61.95,77,5,11.25,BR,clear sky,2020-08-24 06:22:47
344,Port Hedland,-20.32,118.57,95.0,24,9,13.87,AU,clear sky,2020-08-24 06:22:47
345,Cascais,38.7,-9.42,68.0,88,20,9.17,PT,few clouds,2020-08-24 06:22:48
346,Viransehir,37.24,39.76,86.22,18,0,9.91,TR,clear sky,2020-08-24 06:22:48
347,Puro,12.48,123.38,87.35,67,10,7.25,PH,clear sky,2020-08-24 06:22:48
348,Dukat,62.55,155.55,33.66,93,100,4.52,RU,overcast clouds,2020-08-24 06:22:49
349,Weiser,44.25,-116.97,75.2,57,1,1.74,US,clear sky,2020-08-24 06:19:21
350,Kalemie,-5.95,29.19,75.96,52,95,0.69,CD,overcast clouds,2020-08-24 06:22:49
351,Krasnoborsk,61.56,45.93,63.0,86,100,7.14,RU,overcast clouds,2020-08-24 06:22:50
352,Poyarkovo,49.6,128.68,66.74,84,100,9.37,RU,overcast clouds,2020-08-24 06:22:51
353,Acara,-1.96,-48.2,70.88,99,30,2.37,BR,scattered clouds,2020-08-24 06:22:51
354,Remedios,22.49,-79.55,80.6,83,20,14.99,CU,few clouds,2020-08-24 06:22:51
355,Kedrovyy,56.17,91.82,62.6,72,40,6.71,RU,scattered clouds,2020-08-24 06:22:51
356,Kozhva,65.11,57.05,61.12,63,59,8.21,RU,broken clouds,2020-08-24 06:22:52
357,Yerbogachen,61.28,108.01,65.28,35,33,10.71,RU,scattered clouds,2020-08-24 06:22:53
358,Solnechnyy,50.72,136.63,69.69,68,96,3.85,RU,overcast clouds,2020-08-24 06:22:53
359,Troitskoye,52.98,84.68,72.25,41,64,9.06,RU,broken clouds,2020-08-24 06:22:53
360,Yenagoa,4.92,6.26,73.63,91,99,4.65,NG,overcast clouds,2020-08-24 06:22:54
361,Chauk,20.88,94.82,82.89,79,98,18.97,MM,light rain,2020-08-24 06:22:54
362,Sao Raimundo Nonato,-9.02,-42.7,70.0,73,19,5.93,BR,few clouds,2020-08-24 06:22:54
363,Uniontown,39.9,-79.72,70.0,61,20,4.41,US,few clouds,2020-08-24 06:18:35
364,Derzhavinsk,51.1,66.32,65.79,55,100,7.29,KZ,overcast clouds,2020-08-24 06:22:55
365,Mabaruma,8.2,-59.78,73.0,96,99,1.5,GY,overcast clouds,2020-08-24 06:22:56
366,Bandarbeyla,9.49,50.81,84.34,52,31,29.24,SO,scattered clouds,2020-08-24 06:22:56
367,Vao,-22.67,167.48,70.56,70,54,10.8,NC,broken clouds,2020-08-24 06:23:00
368,Bangassou,4.74,22.82,71.22,92,91,2.48,CF,overcast clouds,2020-08-24 06:23:00
369,Eucaliptus,-17.58,-67.52,40.98,66,3,2.37,BO,clear sky,2020-08-24 06:23:01
370,Makakilo City,21.35,-158.09,82.4,61,1,6.93,US,clear sky,2020-08-24 06:20:47
371,Flinders,-34.58,150.86,62.01,42,0,1.01,AU,clear sky,2020-08-24 06:23:02
372,Machakos,-1.52,37.27,59.0,93,75,8.05,KE,broken clouds,2020-08-24 06:23:02
373,Pascagoula,30.37,-88.56,78.8,83,1,4.7,US,clear sky,2020-08-24 06:23:02
374,Datong,40.09,113.29,79.83,35,0,3.36,CN,clear sky,2020-08-24 06:23:03
375,Lucea,18.45,-78.17,77.0,88,75,3.36,JM,thunderstorm with light rain,2020-08-24 06:23:03
376,Chisinau,47.01,28.86,75.2,69,17,9.17,MD,few clouds,2020-08-24 06:23:04
377,Kut Chap,17.43,102.57,82.4,78,75,3.36,TH,broken clouds,2020-08-24 06:23:04
378,Haines Junction,60.75,-137.51,49.59,80,81,4.18,CA,broken clouds,2020-08-24 06:23:04
379,Airai,-8.93,125.41,75.25,38,0,7.83,TL,clear sky,2020-08-24 06:23:05
380,San Quintin,30.48,-115.95,74.21,75,0,10.94,MX,clear sky,2020-08-24 06:23:05
381,Raga,8.46,25.68,69.76,95,100,4.36,SS,overcast clouds,2020-08-24 06:23:05
382,Chernyshevsk,52.52,117.02,60.75,74,100,6.4,RU,overcast clouds,2020-08-24 06:23:06
383,Kahului,20.89,-156.47,82.4,65,1,13.87,US,clear sky,2020-08-24 06:23:06
384,Mugla,37.23,28.36,77.0,53,0,2.24,TR,clear sky,2020-08-24 06:18:43
385,Palu,-0.89,119.87,86.76,63,54,3.47,ID,light rain,2020-08-24 06:23:07
386,Dingle,11.0,122.67,88.66,68,34,5.1,PH,light rain,2020-08-24 06:23:07
387,Karachi,24.91,67.08,89.6,70,75,18.34,PK,smoke,2020-08-24 06:22:45
388,Sojat,25.92,73.67,84.9,76,92,10.09,IN,moderate rain,2020-08-24 06:23:08
389,Kasane,-17.82,25.15,62.6,55,0,8.05,BW,clear sky,2020-08-24 06:23:08
390,Zolotukhino,52.08,36.38,66.2,52,0,8.95,RU,clear sky,2020-08-24 06:23:09
391,Kota Kinabalu,5.97,116.07,87.8,79,20,6.93,MY,few clouds,2020-08-24 06:23:21
392,Neyshabur,36.21,58.8,80.67,31,0,1.95,IR,clear sky,2020-08-24 06:23:21
393,Bambanglipuro,-7.95,110.28,83.48,63,71,15.03,ID,broken clouds,2020-08-24 06:20:27
394,Alofi,-19.06,-169.92,75.2,83,75,12.75,NU,broken clouds,2020-08-24 06:23:21
395,Tessalit,20.2,1.01,87.04,45,100,3.94,ML,overcast clouds,2020-08-24 06:23:22
396,Marzuq,14.4,46.47,85.44,42,93,8.03,YE,overcast clouds,2020-08-24 06:23:22
397,Paamiut,61.99,-49.67,42.08,88,11,10.58,GL,few clouds,2020-08-24 06:23:22
398,Pecos,31.42,-103.49,80.6,32,1,8.05,US,clear sky,2020-08-24 06:23:23
399,Havre-Saint-Pierre,50.23,-63.6,51.8,93,40,6.93,CA,scattered clouds,2020-08-24 06:23:23
400,Hualmay,-11.1,-77.61,59.13,84,26,8.95,PE,scattered clouds,2020-08-24 06:23:24
401,Quatre Cocos,-20.21,57.76,75.99,69,75,17.22,MU,shower rain,2020-08-24 06:23:24
402,Misratah,32.38,15.09,81.95,74,92,14.36,LY,overcast clouds,2020-08-24 06:23:24
403,Dasoguz,41.84,59.97,78.8,41,0,20.8,TM,clear sky,2020-08-24 06:23:25
404,Seymchan,62.88,152.43,45.27,57,92,11.01,RU,overcast clouds,2020-08-24 06:23:25
405,Krasnoye,49.91,24.61,60.8,100,90,4.47,UA,overcast clouds,2020-08-24 06:23:26
406,Riyadh,24.69,46.72,96.8,15,9,5.82,SA,clear sky,2020-08-24 06:21:18
407,Luquillo,18.37,-65.72,82.4,78,1,4.7,PR,clear sky,2020-08-24 06:23:30
408,Polyarnyy,69.2,33.45,59.0,82,40,4.47,RU,scattered clouds,2020-08-24 06:23:30
409,Leh,34.17,77.58,73.2,18,0,3.06,IN,clear sky,2020-08-24 06:23:30
410,Portsmouth,50.8,-1.09,61.0,85,100,1.01,GB,overcast clouds,2020-08-24 06:23:31
411,Ahipara,-35.17,173.17,55.51,82,85,15.28,NZ,light rain,2020-08-24 06:22:25
412,Buraydah,26.33,43.98,93.2,30,0,9.17,SA,clear sky,2020-08-24 06:23:31
413,Monrovia,6.3,-10.8,73.4,94,75,5.82,LR,light rain,2020-08-24 06:23:32
414,Fairbanks,64.84,-147.72,57.2,87,1,8.05,US,clear sky,2020-08-24 06:23:37
415,Peniche,39.36,-9.38,68.0,92,35,5.01,PT,scattered clouds,2020-08-24 06:23:37
416,Cuenca,-2.88,-78.98,46.4,93,67,2.24,EC,broken clouds,2020-08-24 06:23:20
417,Wajir,1.75,40.06,75.2,73,75,9.17,KE,broken clouds,2020-08-24 06:23:38
418,Maykor,59.01,55.88,64.49,69,100,1.23,RU,overcast clouds,2020-08-24 06:20:06
419,Sampit,-2.53,112.95,90.68,47,34,3.78,ID,scattered clouds,2020-08-24 06:23:38
420,Lavrentiya,65.58,-171.0,47.82,93,100,4.43,RU,overcast clouds,2020-08-24 06:23:39
421,Ginda,30.69,78.49,84.2,79,75,4.7,IN,haze,2020-08-24 06:23:39
422,Aripuana,-9.17,-60.63,70.07,53,0,1.21,BR,clear sky,2020-08-24 06:23:39
423,Porto Novo,6.5,2.6,75.2,94,40,11.41,BJ,scattered clouds,2020-08-24 06:23:39
424,Campos,-21.75,-41.3,57.51,86,1,7.36,BR,clear sky,2020-08-24 06:23:40
425,Waingapu,-9.66,120.26,87.3,40,1,16.64,ID,clear sky,2020-08-24 06:23:40
426,Gobabis,-22.45,18.97,57.04,46,0,13.42,NA,clear sky,2020-08-24 06:23:40
427,Progreso,21.28,-89.67,77.0,95,100,3.24,MX,overcast clouds,2020-08-24 06:23:41
428,Portland,45.52,-122.68,68.0,59,1,8.05,US,clear sky,2020-08-24 06:22:43
429,Krasnoselkup,65.7,82.47,67.68,53,36,9.69,RU,scattered clouds,2020-08-24 06:23:26
430,Ilulissat,69.22,-51.1,37.4,93,0,5.82,GL,fog,2020-08-24 06:23:42
431,Outlook,51.5,-107.05,63.27,58,63,9.66,CA,broken clouds,2020-08-24 06:23:42
432,Port Lincoln,-34.73,135.87,53.22,70,89,5.68,AU,overcast clouds,2020-08-24 06:23:43
433,Necochea,-38.55,-58.74,46.0,1,17,8.99,AR,few clouds,2020-08-24 06:23:43
434,Ati,13.22,18.34,77.31,76,96,4.12,TD,light rain,2020-08-24 06:23:44
435,Sribne,50.66,32.92,70.48,40,15,11.27,UA,few clouds,2020-08-24 06:23:44
436,Buala,-8.14,159.59,83.37,74,54,6.58,SB,light rain,2020-08-24 06:23:44
437,Los Algarrobos,8.5,-82.43,64.0,100,100,3.44,PA,overcast clouds,2020-08-24 06:23:45
438,Chambas,22.19,-78.91,78.8,88,75,13.87,CU,broken clouds,2020-08-24 06:23:45
439,Itarema,-2.92,-39.92,75.51,81,50,13.51,BR,scattered clouds,2020-08-24 06:23:45
440,Paysandu,-32.32,-58.08,57.0,69,0,4.0,UY,clear sky,2020-08-24 06:23:45
441,Bengkulu,-3.8,102.27,88.39,57,23,11.41,ID,few clouds,2020-08-24 06:23:46
442,Campbell River,50.02,-125.24,62.6,67,90,3.36,CA,overcast clouds,2020-08-24 06:23:46
443,Yangjiang,21.85,111.97,95.0,54,4,10.78,CN,clear sky,2020-08-24 06:23:47
444,Nizwa,22.93,57.53,94.23,39,87,4.72,OM,overcast clouds,2020-08-24 06:23:47
445,Heishan,41.69,122.11,69.57,94,100,4.21,CN,moderate rain,2020-08-24 06:23:47
446,Liberty,31.83,-81.5,78.8,88,1,2.93,US,clear sky,2020-08-24 06:23:47
447,Chapais,49.78,-74.85,48.2,81,1,2.24,CA,clear sky,2020-08-24 06:23:48
448,Aykhal,66.0,111.5,62.6,36,5,4.47,RU,clear sky,2020-08-24 06:23:48
449,Antofagasta,-23.65,-70.4,57.2,76,90,2.24,CL,overcast clouds,2020-08-24 06:19:59
450,Sangar,63.92,127.47,52.16,56,84,1.68,RU,broken clouds,2020-08-24 06:23:49
451,Miramar,25.99,-80.23,86.0,79,90,17.22,US,overcast clouds,2020-08-24 06:23:49
452,Mattru,7.62,-11.83,72.86,98,100,4.32,SL,moderate rain,2020-08-24 06:23:49
453,Parrita,9.52,-84.32,68.0,100,90,5.82,CR,fog,2020-08-24 06:19:24
454,Bowen,-20.02,148.23,73.0,46,1,13.87,AU,clear sky,2020-08-24 06:23:50
455,Cap Malheureux,-19.98,57.61,75.99,67,61,10.0,MU,broken clouds,2020-08-24 06:23:51
456,Valentin Gomez Farias,28.22,-106.58,78.01,30,12,3.0,MX,few clouds,2020-08-24 06:23:52
457,Salinas,36.68,-121.66,66.2,82,75,4.7,US,broken clouds,2020-08-24 06:21:10
458,Shingu,33.73,135.98,89.6,70,20,8.05,JP,few clouds,2020-08-24 06:23:52
459,Palmer,42.16,-72.33,66.99,100,20,2.3,US,few clouds,2020-08-24 06:23:53
460,Atambua,-9.11,124.89,85.17,37,3,6.35,ID,clear sky,2020-08-24 06:23:53
461,Kualakapuas,-3.01,114.39,89.6,52,20,4.21,ID,few clouds,2020-08-24 06:23:54
462,Tambun,-6.26,107.07,91.99,52,40,10.29,ID,haze,2020-08-24 06:23:54
463,San Antonio,29.42,-98.49,80.6,78,1,5.84,US,clear sky,2020-08-24 06:21:20
464,Rio Das Ostras,-22.53,-41.95,57.2,100,26,2.24,BR,scattered clouds,2020-08-24 06:23:54
465,Hirtshals,57.59,9.96,57.99,72,96,3.0,DK,overcast clouds,2020-08-24 06:23:55
466,Mishkino,55.34,63.92,61.5,71,1,7.94,RU,clear sky,2020-08-24 06:23:55
467,Yanam,16.73,82.22,86.0,79,40,11.41,IN,scattered clouds,2020-08-24 06:23:55
468,Tlacolula,16.95,-96.48,63.23,85,93,3.02,MX,light rain,2020-08-24 06:23:55
469,Kano,12.0,8.52,69.8,100,40,4.7,NG,light rain,2020-08-24 06:23:56
470,Bria,6.54,21.99,69.8,95,74,1.03,CF,broken clouds,2020-08-24 06:23:56
471,Karasjok,69.47,25.51,55.4,71,75,46.08,NO,broken clouds,2020-08-24 06:23:56
472,Cabo Rojo,18.09,-67.15,75.99,95,67,4.79,PR,broken clouds,2020-08-24 06:23:57
473,Igarka,67.47,86.58,63.27,67,82,17.0,RU,light rain,2020-08-24 06:23:57
474,Margate,51.38,1.39,60.01,62,94,3.0,GB,overcast clouds,2020-08-24 06:23:57
475,Banepa,27.63,85.52,80.6,74,75,5.82,NP,broken clouds,2020-08-24 06:23:58
476,Ekhabi,53.51,142.97,61.68,72,73,12.26,RU,broken clouds,2020-08-24 06:23:58
477,Tongzi,28.78,105.09,73.31,88,100,2.59,CN,overcast clouds,2020-08-24 06:23:58
478,Baherden,38.44,57.43,81.7,30,0,10.76,TM,clear sky,2020-08-24 06:23:59
479,Sept-Iles,50.2,-66.38,50.0,93,20,3.36,CA,few clouds,2020-08-24 06:23:55
480,Cabedelo,-6.98,-34.83,68.0,100,82,5.82,BR,broken clouds,2020-08-24 06:23:59
481,Mama,58.31,112.9,73.35,46,10,7.7,RU,light rain,2020-08-24 06:24:00
482,Itarantim,-15.66,-40.07,60.06,88,64,4.61,BR,broken clouds,2020-08-24 06:24:00
483,Santo Antonio De Padua,-21.54,-42.18,58.44,85,56,1.81,BR,broken clouds,2020-08-24 06:24:00
484,Arawa,-6.21,155.54,82.47,69,84,5.03,PG,light rain,2020-08-24 06:24:00
485,Pokaran,26.92,71.92,97.21,40,80,12.3,IN,broken clouds,2020-08-24 06:24:01
486,Pochutla,15.74,-96.47,73.0,97,99,3.56,MX,light rain,2020-08-24 06:24:01
487,Eureka,40.8,-124.16,55.99,100,10,0.89,US,clear sky,2020-08-24 06:24:01
488,Opuwo,-18.06,13.84,61.14,32,0,4.14,NA,clear sky,2020-08-24 06:24:02
489,Keuruu,62.27,24.7,61.0,93,75,6.93,FI,broken clouds,2020-08-24 06:24:02
490,Fortuna,40.6,-124.16,55.99,93,90,3.36,US,overcast clouds,2020-08-24 06:24:02
491,Harper,4.38,-7.72,75.47,82,100,7.52,LR,light rain,2020-08-24 06:24:06
492,Fort Wellington,6.4,-57.6,75.07,92,42,4.12,GY,scattered clouds,2020-08-24 06:24:06
493,Manaus,-3.1,-60.02,77.0,73,0,6.93,BR,clear sky,2020-08-24 06:24:07
494,Valparaiso,-33.04,-71.63,53.01,76,75,8.05,CL,broken clouds,2020-08-24 06:24:07
495,Arys,42.43,68.8,91.4,21,75,15.66,KZ,broken clouds,2020-08-24 06:24:07
496,Ucluelet,48.93,-125.55,57.99,89,100,9.08,CA,overcast clouds,2020-08-24 06:23:32
497,Svetlaya,46.54,138.33,67.53,76,97,3.15,RU,overcast clouds,2020-08-24 06:24:08
498,Mpika,-11.83,31.45,63.54,64,10,10.49,ZM,clear sky,2020-08-24 06:24:08
499,Bubaque,11.28,-15.83,80.49,81,100,8.86,GW,overcast clouds,2020-08-24 06:24:08
500,Ouegoa,-20.35,164.43,75.34,72,55,6.17,NC,broken clouds,2020-08-24 06:24:08
501,Pundaguitan,6.37,126.17,84.25,69,84,5.55,PH,broken clouds,2020-08-24 06:24:09
502,Komsomolskiy,40.43,71.72,93.2,16,0,4.7,UZ,clear sky,2020-08-24 06:24:09
503,Vestmannaeyjar,63.44,-20.27,51.44,73,32,3.0,IS,scattered clouds,2020-08-24 06:24:09
504,Vincennes,48.85,2.43,59.0,82,40,8.05,FR,scattered clouds,2020-08-24 06:24:10
505,Guhagar,17.48,73.19,84.31,75,100,12.71,IN,light rain,2020-08-24 06:24:10
506,Aban,56.67,96.06,67.42,57,100,3.51,RU,overcast clouds,2020-08-24 06:24:10
507,Bakchar,57.02,82.07,67.64,54,95,3.31,RU,overcast clouds,2020-08-24 06:24:11
508,Muros,42.78,-9.06,62.01,83,23,5.01,ES,few clouds,2020-08-24 06:24:11
509,Kasempa,-13.46,25.83,61.79,59,34,8.43,ZM,scattered clouds,2020-08-24 06:24:11
510,Sorong,-0.88,131.25,80.96,84,91,11.16,ID,moderate rain,2020-08-24 06:24:11
511,Shache,38.42,77.24,98.85,9,0,4.25,CN,clear sky,2020-08-24 06:24:12
512,Awbari,26.59,12.78,76.51,32,0,5.73,LY,clear sky,2020-08-24 06:24:12
513,Tiarei,-17.53,-149.33,78.8,74,20,5.82,PF,few clouds,2020-08-24 06:24:12
514,Tosya,41.02,34.04,62.6,63,0,4.7,TR,clear sky,2020-08-24 06:24:12
515,Caraguatatuba,-23.63,-45.49,56.66,85,21,2.51,BR,few clouds,2020-08-24 06:24:13
516,Sangmelima,2.93,11.98,66.65,99,100,3.36,CM,light rain,2020-08-24 06:24:13
517,Salamiyah,35.01,37.05,80.64,27,0,1.59,SY,clear sky,2020-08-24 06:24:13
518,Turukhansk,65.82,87.98,66.54,61,98,12.48,RU,light rain,2020-08-24 06:21:06
519,Soyo,-6.13,12.37,73.4,94,75,5.79,AO,broken clouds,2020-08-24 06:24:14
520,Pamanukan,-6.28,107.81,90.5,51,52,14.0,ID,broken clouds,2020-08-24 06:24:15
521,Lagoa,39.05,-27.98,72.75,89,0,19.37,PT,clear sky,2020-08-24 06:24:15
522,Mari-Turek,56.79,49.62,65.3,71,99,5.95,RU,overcast clouds,2020-08-24 06:24:16
523,Benguela,-12.58,13.41,69.8,83,90,1.57,AO,overcast clouds,2020-08-24 06:24:16
524,Mapiri,-15.25,-68.17,59.72,83,49,1.19,BO,scattered clouds,2020-08-24 06:24:16
525,Katherine,-14.47,132.27,93.2,9,0,17.22,AU,clear sky,2020-08-24 06:24:17
526,Santa Maria,-29.68,-53.81,52.48,83,0,7.07,BR,clear sky,2020-08-24 06:22:03
527,Uspenka,48.39,39.16,73.49,35,3,1.9,UA,clear sky,2020-08-24 06:24:17
528,Talaya,61.38,152.75,41.36,65,99,10.36,RU,overcast clouds,2020-08-24 06:24:18
529,Samarai,-10.62,150.67,75.61,84,100,17.85,PG,light rain,2020-08-24 06:24:18
530,Urbana,40.11,-88.21,72.0,88,1,5.82,US,heavy intensity rain,2020-08-24 06:24:18
531,Shiyan,32.65,110.78,88.0,36,98,7.81,CN,overcast clouds,2020-08-24 06:24:18
532,Lisakovsk,52.54,62.49,62.28,65,1,8.34,KZ,clear sky,2020-08-24 06:24:19
533,Baiyin,36.56,104.21,73.4,49,20,8.95,CN,few clouds,2020-08-24 06:24:19
534,Aksarka,66.56,67.8,56.7,75,93,6.51,RU,overcast clouds,2020-08-24 06:24:19
535,Posadas,-27.37,-55.9,60.15,74,46,8.05,AR,scattered clouds,2020-08-24 06:24:20
536,Kedainiai,55.29,23.97,64.4,77,0,5.82,LT,clear sky,2020-08-24 06:24:21
537,Bud,39.45,-86.18,73.0,88,1,5.64,US,clear sky,2020-08-24 06:24:21
538,Goderich,43.75,-81.72,75.99,79,0,10.94,CA,clear sky,2020-08-24 06:24:21
539,Vysokogornyy,50.12,139.15,65.8,75,92,7.47,RU,light rain,2020-08-24 06:24:22
540,Amboasary,-25.03,46.38,75.2,60,26,4.7,MG,scattered clouds,2020-08-24 06:24:22
541,Miraflores,19.22,-98.81,60.8,63,75,11.41,MX,broken clouds,2020-08-24 06:24:22
542,Uralets,57.66,59.65,61.48,59,0,7.23,RU,clear sky,2020-08-24 06:24:23
543,Nago,26.59,127.98,80.01,88,90,27.51,JP,light rain,2020-08-24 06:24:23
544,Fort Nelson,58.81,-122.7,51.8,100,75,2.24,CA,broken clouds,2020-08-24 06:24:23
545,Zalesovo,53.99,84.74,68.54,60,36,8.52,RU,light rain,2020-08-24 06:24:24
546,Sann,26.04,68.14,100.4,50,40,4.7,PK,scattered clouds,2020-08-24 06:24:24
547,Nantucket,41.28,-70.1,69.8,94,1,5.82,US,clear sky,2020-08-24 06:21:11
548,Nemuro,43.32,145.57,69.8,83,40,8.05,JP,scattered clouds,2020-08-24 06:24:25
549,Lewistown,40.6,-77.57,69.01,100,90,2.86,US,fog,2020-08-24 06:24:25
550,Alta Floresta,-9.88,-56.09,71.38,44,18,1.43,BR,few clouds,2020-08-24 06:24:25
551,Byron Bay,-28.65,153.62,63.0,39,0,9.17,AU,clear sky,2020-08-24 06:24:25
552,Mikkeli,61.69,27.27,60.8,87,20,4.7,FI,few clouds,2020-08-24 06:24:26
553,Umm Lajj,25.02,37.27,91.04,33,0,4.65,SA,clear sky,2020-08-24 06:24:26
554,Gubkinskiy,64.43,76.5,58.44,79,65,11.77,RU,light rain,2020-08-24 06:24:26
555,Fare,-16.7,-151.02,77.97,80,11,21.7,PF,light rain,2020-08-24 06:24:27
556,Gamba,-2.65,10.0,72.23,85,100,4.03,GA,overcast clouds,2020-08-24 06:24:27
557,Krasnogorsk,55.82,37.32,66.0,59,85,8.95,RU,overcast clouds,2020-08-24 06:24:28
558,Nome,64.5,-165.41,53.6,76,90,6.93,US,overcast clouds,2020-08-24 06:24:28
559,Mareeba,-17.0,145.43,78.01,55,75,7.0,AU,broken clouds,2020-08-24 06:21:21
560,Kupang,-10.17,123.58,93.2,28,20,17.22,ID,few clouds,2020-08-24 06:24:28
561,Mackay,-21.15,149.2,73.0,56,26,16.11,AU,scattered clouds,2020-08-24 06:24:29
562,Lompoc,34.64,-120.46,66.99,88,1,4.38,US,clear sky,2020-08-24 06:24:29
563,Storforshei,66.4,14.52,46.99,93,40,2.24,NO,scattered clouds,2020-08-24 06:24:29
564,Udachnyy,66.42,112.4,62.6,36,0,2.24,RU,clear sky,2020-08-24 06:24:30
565,Thinadhoo,0.53,72.93,82.17,72,87,8.3,MV,moderate rain,2020-08-24 06:24:30
566,Maun,-19.98,23.42,64.4,45,0,5.82,BW,clear sky,2020-08-24 06:24:31
567,Bilibino,68.05,166.44,40.01,89,100,4.63,RU,overcast clouds,2020-08-24 06:24:31
568,Kampot,10.62,104.18,89.6,62,40,9.17,KH,scattered clouds,2020-08-24 06:24:31
569,Brae,60.4,-1.35,51.8,66,40,13.87,GB,scattered clouds,2020-08-24 06:24:31
570,Never,46.99,3.16,53.6,93,93,1.39,FR,overcast clouds,2020-08-24 06:24:33
571,Matara,5.95,80.54,87.21,61,56,9.62,LK,broken clouds,2020-08-24 06:24:33
572,Kijang,35.24,129.21,91.4,49,20,5.82,KR,few clouds,2020-08-24 06:24:33
573,Port-Gentil,-0.72,8.78,77.0,83,90,8.61,GA,overcast clouds,2020-08-24 06:24:34
574,Marsh Harbour,26.54,-77.06,85.28,77,2,24.43,BS,clear sky,2020-08-24 06:24:35
575,Stelle,53.38,10.11,59.0,93,75,4.7,DE,broken clouds,2020-08-24 06:24:35
576,Esso,55.93,158.7,51.64,54,85,8.61,RU,overcast clouds,2020-08-24 06:24:35
577,Viedma,-40.81,-63.0,46.99,65,19,15.08,AR,few clouds,2020-08-24 06:23:47
578,At-Bashi,41.17,75.81,70.0,92,0,2.68,KG,clear sky,2020-08-24 06:24:36
579,Pandan,14.05,124.17,88.95,61,34,3.06,PH,scattered clouds,2020-08-24 06:24:36
580,Lao Cai,22.48,103.95,95.29,47,69,2.08,VN,light rain,2020-08-24 06:24:37
581,Poum,-20.23,164.02,72.27,76,38,18.86,NC,scattered clouds,2020-08-24 06:24:37
582,Eyl,7.98,49.82,85.3,45,62,26.26,SO,broken clouds,2020-08-24 06:24:37
583,San Vicente,-26.62,-54.13,51.64,85,0,4.72,AR,clear sky,2020-08-24 06:24:38
584,Vila Velha,-20.33,-40.29,66.2,72,2,10.29,BR,clear sky,2020-08-24 06:24:38
585,Invermere,50.52,-116.04,59.0,60,70,1.23,CA,broken clouds,2020-08-24 06:24:38
586,Ayagoz,47.97,80.44,80.67,24,98,14.72,KZ,overcast clouds,2020-08-24 06:24:38
587,Pavilosta,56.89,21.19,66.2,72,36,11.41,LV,scattered clouds,2020-08-24 06:24:39
588,Tecoanapa,16.52,-98.75,76.75,92,100,8.52,MX,moderate rain,2020-08-24 06:24:39
589,Ponnani,10.77,75.93,86.0,74,75,5.82,IN,broken clouds,2020-08-24 06:24:39
590,Promyshlennaya,54.92,85.64,66.2,68,40,6.71,RU,scattered clouds,2020-08-24 06:24:39
591,Cap-Aux-Meules,47.38,-61.86,65.3,86,39,22.5,CA,scattered clouds,2020-08-24 06:24:40
592,Murray Bridge,-35.12,139.27,53.01,75,92,8.05,AU,overcast clouds,2020-08-24 06:24:40
593,Gushi,34.64,109.58,86.16,48,81,7.43,CN,broken clouds,2020-08-24 06:24:40
594,Lefka,35.11,32.85,87.8,66,0,5.82,CY,clear sky,2020-08-24 06:24:41
595,Trofors,65.53,13.41,48.2,81,75,4.7,NO,broken clouds,2020-08-24 06:24:41
596,Grand Gaube,-20.01,57.66,75.0,67,61,11.99,MU,broken clouds,2020-08-24 06:24:42
597,Malpe,13.35,74.72,82.4,78,40,5.82,IN,scattered clouds,2020-08-24 06:24:42
598,Mezen,65.85,44.24,60.31,87,91,9.64,RU,overcast clouds,2020-08-24 06:24:42
599,Kuandian,40.73,124.78,71.83,94,100,10.29,CN,light rain,2020-08-24 06:24:43
600,Kudat,6.88,116.85,87.8,66,20,4.7,MY,few clouds,2020-08-24 06:24:43
601,Presidencia Roque Saenz Pena,-26.79,-60.44,60.01,63,67,7.02,AR,broken clouds,2020-08-24 06:24:44
602,San Cristobal,7.77,-72.22,65.62,93,90,3.69,VE,light rain,2020-08-24 06:23:06
603,Chernyshevskiy,63.01,112.47,62.89,32,0,6.8,RU,clear sky,2020-08-24 06:24:44
604,Ngunguru,-35.62,174.5,55.99,3,94,3.0,NZ,overcast clouds,2020-08-24 06:24:45
605,Cockburn Town,21.46,-71.14,83.41,83,92,23.11,TC,overcast clouds,2020-08-24 06:24:46
606,Bukama,-9.2,25.85,78.55,35,4,1.41,CD,clear sky,2020-08-24 06:24:46
607,Katsuura,35.13,140.3,91.99,66,40,12.75,JP,scattered clouds,2020-08-24 06:24:46
608,Yulara,-25.24,130.99,87.8,10,0,17.22,AU,clear sky,2020-08-24 06:24:47
609,Kirakira,-10.45,161.92,83.57,70,80,4.43,SB,light rain,2020-08-24 06:24:47
610,Bulgan,48.81,103.53,66.87,46,62,4.03,MN,broken clouds,2020-08-24 06:24:47
611,Tambo,-14.8,-73.92,37.22,81,69,2.64,PE,broken clouds,2020-08-24 06:24:48
612,Swellendam,-34.02,20.44,55.4,93,100,3.36,ZA,overcast clouds,2020-08-24 06:24:48
613,Filotion,37.05,25.5,79.0,65,0,21.92,GR,clear sky,2020-08-24 06:24:48
614,Nuevo Casas Grandes,30.42,-107.92,72.0,48,16,1.01,MX,few clouds,2020-08-24 06:24:49
615,Batagay,67.63,134.63,51.6,45,24,5.21,RU,few clouds,2020-08-24 06:24:49
616,Pinawa,50.15,-95.88,56.84,87,80,1.14,CA,broken clouds,2020-08-24 06:24:49
617,Calvinia,-31.47,19.78,50.05,47,50,0.45,ZA,scattered clouds,2020-08-24 06:24:49
618,Santa Rosa,14.31,121.11,91.0,66,100,16.11,PH,overcast clouds,2020-08-24 06:21:13
619,Tarauaca,-8.16,-70.77,66.63,79,65,1.5,BR,broken clouds,2020-08-24 06:24:50
620,Karratha,-20.74,116.85,90.99,17,0,11.23,AU,clear sky,2020-08-24 06:21:44
621,Naze,28.37,129.48,86.0,84,75,26.4,JP,broken clouds,2020-08-24 06:24:50
622,Burkburnett,34.1,-98.57,75.0,56,1,5.82,US,clear sky,2020-08-24 06:24:52
623,Roebourne,-20.78,117.13,92.95,16,4,10.76,AU,clear sky,2020-08-24 06:24:52
624,Zalantun,48.0,122.72,76.26,61,53,4.54,CN,broken clouds,2020-08-24 06:22:21
625,Coahuayana,18.73,-103.68,78.33,87,70,1.68,MX,light rain,2020-08-24 06:24:53
626,Oistins,13.07,-59.53,77.0,88,40,6.93,BB,scattered clouds,2020-08-24 06:24:53
627,Beyneu,45.32,55.2,73.92,38,100,8.79,KZ,overcast clouds,2020-08-24 06:24:53
628,Harnosand,62.63,17.94,51.01,87,99,4.7,SE,overcast clouds,2020-08-24 06:20:06
629,Pacific Grove,36.62,-121.92,66.2,72,20,3.36,US,smoke,2020-08-24 06:24:54
630,Weligama,5.97,80.42,86.47,63,57,8.9,LK,broken clouds,2020-08-24 06:24:55
631,Santa Isabel Do Rio Negro,-0.41,-65.02,71.8,77,0,0.58,BR,clear sky,2020-08-24 06:24:56
632,Bridlington,54.08,-0.19,57.2,93,52,9.17,GB,broken clouds,2020-08-24 06:24:58
633,Zhuhai,22.28,113.57,102.0,75,20,14.99,CN,few clouds,2020-08-24 06:24:59
634,High Level,58.52,-117.14,53.6,100,90,2.24,CA,overcast clouds,2020-08-24 06:22:20
635,Yarada,17.65,83.27,89.6,70,75,9.17,IN,haze,2020-08-24 06:24:59
636,Alice Springs,-23.7,133.88,86.0,11,0,10.29,AU,clear sky,2020-08-24 06:22:14
637,Kpalime,6.9,0.63,67.15,97,94,1.32,TG,overcast clouds,2020-08-24 06:25:00
638,North Bend,43.41,-124.22,57.2,93,1,11.41,US,clear sky,2020-08-24 06:25:00
639,Burnie,-41.07,145.92,57.0,59,40,10.0,AU,scattered clouds,2020-08-24 06:25:01
640,Onguday,50.75,86.15,68.4,41,73,3.87,RU,broken clouds,2020-08-24 06:25:01
641,Krupina,48.36,19.06,62.6,77,58,2.24,SK,broken clouds,2020-08-24 06:25:01
642,Deder,9.32,41.45,59.61,88,69,9.19,ET,broken clouds,2020-08-24 06:25:02
643,Kati,12.74,-8.07,75.2,94,20,2.24,ML,few clouds,2020-08-24 06:25:02
644,Sheridan,44.83,-106.92,60.8,59,1,4.7,US,clear sky,2020-08-24 06:25:03
645,Idil,37.34,41.89,84.2,28,0,4.7,TR,clear sky,2020-08-24 06:25:04
646,Muncar,-8.43,114.33,84.42,62,18,9.42,ID,few clouds,2020-08-24 06:25:04
647,Katobu,-4.94,122.53,87.96,49,23,9.73,ID,few clouds,2020-08-24 06:25:05
648,Kargasok,59.06,80.86,63.79,66,86,7.61,RU,light rain,2020-08-24 06:25:05
649,Shimanovsk,52.0,127.7,71.01,76,96,5.88,RU,light rain,2020-08-24 06:25:15
650,Oussouye,12.48,-16.55,80.6,94,20,2.24,SN,few clouds,2020-08-24 06:25:15
651,Sobolevo,54.43,31.9,63.36,94,100,6.69,RU,overcast clouds,2020-08-24 06:25:15
652,Apam,5.28,-0.74,73.22,90,62,7.11,GH,broken clouds,2020-08-24 06:25:16
653,Gornyy,55.12,83.91,65.73,63,2,9.06,RU,clear sky,2020-08-24 06:25:16
654,Mucurapo,10.67,-61.53,77.0,94,20,3.6,TT,few clouds,2020-08-24 06:24:32
